序号,代码,展示代码,名称,市场,行业,入池类型,入池批次,来源,来源行号,是否启用,更新频率,最新价,涨跌幅,涨跌额,成交量,成交额,最高,最低,今开,昨收,市盈率,量比,换手率,快照生成时间,本池生成时间
1,sz000906,000906.SZ,浙商中拓,深交所,物流,重点关注快照初始种子,seed_from_focus_public_quote,03数据/04数据快照/重点关注池公开行情快照_最新.json,1,True,每个交易日盘后；必须早于收盘短线观察报告生成,6.78,1.04,0.07,172239,116570600.69,6.87,6.61,6.66,6.71,6.43,0.96,2.46,2026-05-11 13:28:35,2026-05-12 07:11:40
2,sz300641,300641.SZ,正丹股份,深交所,化学制品,重点关注快照初始种子,seed_from_focus_public_quote,03数据/04数据快照/重点关注池公开行情快照_最新.json,2,True,每个交易日盘后；必须早于收盘短线观察报告生成,17.53,-1.52,-0.27,97887,173155750.0,17.99,17.52,17.8,17.8,34.29,1.75,1.86,2026-05-11 13:28:35,2026-05-12 07:11:40
3,sz300502,300502.SZ,新易盛,深交所,通信设备,重点关注快照初始种子,seed_from_focus_public_quote,03数据/04数据快照/重点关注池公开行情快照_最新.json,3,True,每个交易日盘后；必须早于收盘短线观察报告生成,564.4,2.31,12.73,458214,24866373995.71,565.0,525.25,554.0,551.67,50.45,2.02,5.18,2026-05-11 13:28:35,2026-05-12 07:11:40
4,sz000657,000657.SZ,中钨高新,深交所,小金属,重点关注快照初始种子,seed_from_focus_public_quote,03数据/04数据快照/重点关注池公开行情快照_最新.json,4,True,每个交易日盘后；必须早于收盘短线观察报告生成,60.15,-0.53,-0.32,744323,4492603856.3,61.76,59.12,60.0,60.47,37.2,1.06,5.12,2026-05-11 13:28:35,2026-05-12 07:11:40
5,sz300871,300871.SZ,回盛生物,深交所,动物保健Ⅱ,重点关注快照初始种子,seed_from_focus_public_quote,03数据/04数据快照/重点关注池公开行情快照_最新.json,5,True,每个交易日盘后；必须早于收盘短线观察报告生成,25.85,0.54,0.14,46820,119691943.71,25.96,25.28,25.72,25.71,16.79,0.91,2.32,2026-05-11 13:28:35,2026-05-12 07:11:40
6,sh603259,603259.SH,药明康德,上交所,医疗服务,重点关注快照初始种子,seed_from_focus_public_quote,03数据/04数据快照/重点关注池公开行情快照_最新.json,6,True,每个交易日盘后；必须早于收盘短线观察报告生成,108.21,1.32,1.41,367673,3917413045.0,108.41,105.5,106.65,106.8,17.35,0.95,1.49,2026-05-11 13:28:35,2026-05-12 07:11:40
7,sh600326,600326.SH,西藏天路,上交所,水泥,重点关注快照初始种子,seed_from_focus_public_quote,03数据/04数据快照/重点关注池公开行情快照_最新.json,7,True,每个交易日盘后；必须早于收盘短线观察报告生成,9.63,0.52,0.05,223278,216420379.0,9.79,9.57,9.57,9.58,-88.29,1.26,1.64,2026-05-11 13:28:35,2026-05-12 07:11:40
8,sh603501,603501.SH,豪威集团,上交所,半导体,重点关注快照初始种子,seed_from_focus_public_quote,03数据/04数据快照/重点关注池公开行情快照_最新.json,8,True,每个交易日盘后；必须早于收盘短线观察报告生成,100.86,1.69,1.68,256162,2585218131.0,102.08,99.86,100.08,99.18,63.23,1.15,2.12,2026-05-11 13:28:35,2026-05-12 07:11:40
9,sz002812,002812.SZ,恩捷股份,深交所,电池,重点关注快照初始种子,seed_from_focus_public_quote,03数据/04数据快照/重点关注池公开行情快照_最新.json,9,True,每个交易日盘后；必须早于收盘短线观察报告生成,81.0,-0.33,-0.27,291789,2375199116.48,82.66,79.78,80.3,81.27,76.4,0.9,3.55,2026-05-11 13:28:35,2026-05-12 07:11:40
10,sz002049,002049.SZ,紫光国微,深交所,半导体,重点关注快照初始种子,seed_from_focus_public_quote,03数据/04数据快照/重点关注池公开行情快照_最新.json,10,True,每个交易日盘后；必须早于收盘短线观察报告生成,81.18,4.94,3.82,484222,3911791102.52,82.76,78.75,78.75,77.36,51.58,2.11,5.7,2026-05-11 13:28:35,2026-05-12 07:11:40
11,sz002028,002028.SZ,思源电气,深交所,电网设备,重点关注快照初始种子,seed_from_focus_public_quote,03数据/04数据快照/重点关注池公开行情快照_最新.json,11,True,每个交易日盘后；必须早于收盘短线观察报告生成,196.68,-0.72,-1.42,98299,1938738946.83,200.21,194.35,198.11,198.1,69.96,1.35,1.61,2026-05-11 13:28:35,2026-05-12 07:11:40
12,sh600580,600580.SH,卧龙电驱,上交所,电机Ⅱ,重点关注快照初始种子,seed_from_focus_public_quote,03数据/04数据快照/重点关注池公开行情快照_最新.json,12,True,每个交易日盘后；必须早于收盘短线观察报告生成,40.58,-1.17,-0.48,498105,2030065157.0,41.23,40.11,41.07,41.06,57.42,1.69,3.2,2026-05-11 13:28:35,2026-05-12 07:11:40
13,sh688041,688041.SH,海光信息,上交所,半导体,重点关注快照初始种子,seed_from_focus_public_quote,03数据/04数据快照/重点关注池公开行情快照_最新.json,13,True,每个交易日盘后；必须早于收盘短线观察报告生成,341.32,5.58,18.04,413252,14062041982.0,346.98,332.97,340.5,323.28,288.66,1.36,1.78,2026-05-11 13:28:35,2026-05-12 07:11:40
14,sh603986,603986.SH,兆易创新,上交所,半导体,重点关注快照初始种子,seed_from_focus_public_quote,03数据/04数据快照/重点关注池公开行情快照_最新.json,14,True,每个交易日盘后；必须早于收盘短线观察报告生成,362.88,8.61,28.78,480371,17239262080.0,367.51,347.01,350.1,334.1,43.53,1.62,7.19,2026-05-11 13:28:35,2026-05-12 07:11:40
15,sz300724,300724.SZ,捷佳伟创,深交所,光伏设备,重点关注快照初始种子,seed_from_focus_public_quote,03数据/04数据快照/重点关注池公开行情快照_最新.json,15,True,每个交易日盘后；必须早于收盘短线观察报告生成,95.15,1.34,1.26,126008,1198876547.68,96.18,94.0,94.01,93.89,30.66,1.21,4.38,2026-05-11 13:28:35,2026-05-12 07:11:40
16,sh688235,688235.SH,百济神州,上交所,化学制药,重点关注快照初始种子,seed_from_focus_public_quote,03数据/04数据快照/重点关注池公开行情快照_最新.json,16,True,每个交易日盘后；必须早于收盘短线观察报告生成,257.33,3.97,9.83,38280,953997316.0,257.61,243.88,247.5,247.5,61.68,1.54,3.33,2026-05-11 13:28:35,2026-05-12 07:11:40
17,sz300308,300308.SZ,中际旭创,深交所,通信设备,重点关注快照初始种子,seed_from_focus_public_quote,03数据/04数据快照/重点关注池公开行情快照_最新.json,17,True,每个交易日盘后；必须早于收盘短线观察报告生成,942.34,6.36,56.34,247720,22364714000.79,942.99,870.0,889.06,886.0,45.75,1.6,2.24,2026-05-11 13:28:35,2026-05-12 07:11:40
18,sh600198,600198.SH,大唐电信,上交所,通信设备,重点关注快照初始种子,seed_from_focus_public_quote,03数据/04数据快照/重点关注池公开行情快照_最新.json,18,True,每个交易日盘后；必须早于收盘短线观察报告生成,9.72,9.95,0.88,646927,609760881.0,9.72,8.91,8.91,8.84,-48.42,3.13,4.97,2026-05-11 13:28:35,2026-05-12 07:11:40
19,sz002281,002281.SZ,光迅科技,深交所,通信设备,重点关注快照初始种子,seed_from_focus_public_quote,03数据/04数据快照/重点关注池公开行情快照_最新.json,19,True,每个交易日盘后；必须早于收盘短线观察报告生成,193.45,7.04,12.73,606437,11541212075.28,196.87,183.02,188.0,180.72,162.6,1.36,7.78,2026-05-11 13:28:35,2026-05-12 07:11:40
20,sh688047,688047.SH,龙芯中科,上交所,半导体,重点关注快照初始种子,seed_from_focus_public_quote,03数据/04数据快照/重点关注池公开行情快照_最新.json,20,True,每个交易日盘后；必须早于收盘短线观察报告生成,178.9,2.92,5.08,128165,2327271930.0,184.68,178.5,182.5,173.82,-157.36,1.16,3.2,2026-05-11 13:28:35,2026-05-12 07:11:40
21,sh688008,688008.SH,澜起科技,上交所,半导体,重点关注快照初始种子,seed_from_focus_public_quote,03数据/04数据快照/重点关注池公开行情快照_最新.json,21,True,每个交易日盘后；必须早于收盘短线观察报告生成,246.86,17.4,36.59,914689,22236260525.0,252.32,230.0,231.26,210.27,89.01,1.98,7.98,2026-05-11 13:28:35,2026-05-12 07:11:40
22,sh688256,688256.SH,寒武纪,上交所,半导体,重点关注快照初始种子,seed_from_focus_public_quote,03数据/04数据快照/重点关注池公开行情快照_最新.json,22,True,每个交易日盘后；必须早于收盘短线观察报告生成,1175.23,-0.62,-7.3,166435,19696012547.0,1205.55,1158.03,1201.0,1182.53,182.19,1.74,2.65,2026-05-11 13:28:35,2026-05-12 07:11:40
23,sh688498,688498.SH,源杰科技,上交所,半导体,重点关注快照初始种子,seed_from_focus_public_quote,03数据/04数据快照/重点关注池公开行情快照_最新.json,23,True,每个交易日盘后；必须早于收盘短线观察报告生成,1634.01,3.75,59.01,25957,4161731697.0,1650.88,1550.02,1593.0,1575.0,195.66,1.2,3.06,2026-05-11 13:28:35,2026-05-12 07:11:40
24,sh688521,688521.SH,芯原股份,上交所,半导体,重点关注快照初始种子,seed_from_focus_public_quote,03数据/04数据快照/重点关注池公开行情快照_最新.json,24,True,每个交易日盘后；必须早于收盘短线观察报告生成,269.52,2.87,7.52,269317,7293733802.0,278.63,262.3,272.0,262.0,-103.97,1.21,5.12,2026-05-11 13:28:35,2026-05-12 07:11:40
25,sh688525,688525.SH,佰维存储,上交所,半导体,重点关注快照初始种子,seed_from_focus_public_quote,03数据/04数据快照/重点关注池公开行情快照_最新.json,25,True,每个交易日盘后；必须早于收盘短线观察报告生成,317.99,9.48,27.54,429667,13417660492.0,323.5,301.21,311.1,290.45,12.91,1.78,9.13,2026-05-11 13:28:35,2026-05-12 07:11:40
26,sz300782,300782.SZ,卓胜微,深交所,半导体,重点关注快照初始种子,seed_from_focus_public_quote,03数据/04数据快照/重点关注池公开行情快照_最新.json,26,True,每个交易日盘后；必须早于收盘短线观察报告生成,106.03,2.15,2.23,223637,2371358089.68,108.58,103.63,104.8,103.8,-105.62,1.49,4.99,2026-05-11 13:28:35,2026-05-12 07:11:40
27,sh600519,600519.SH,贵州茅台,上交所,白酒Ⅱ,重点关注快照初始种子,seed_from_focus_public_quote,03数据/04数据快照/重点关注池公开行情快照_最新.json,27,True,每个交易日盘后；必须早于收盘短线观察报告生成,1361.4,-0.84,-11.59,37855,5162294251.0,1372.89,1361.0,1372.89,1372.99,15.65,1.46,0.3,2026-05-11 13:28:35,2026-05-12 07:11:40
28,sz300750,300750.SZ,宁德时代,深交所,电池,重点关注快照初始种子,seed_from_focus_public_quote,03数据/04数据快照/重点关注池公开行情快照_最新.json,28,True,每个交易日盘后；必须早于收盘短线观察报告生成,446.1,2.08,9.1,257653,11430770245.5,450.51,435.1,440.0,437.0,24.88,1.09,0.61,2026-05-11 13:28:35,2026-05-12 07:11:40
29,sh688802,688802.SH,沐曦股份-U,上交所,半导体,重点关注快照初始种子,seed_from_focus_public_quote,03数据/04数据快照/重点关注池公开行情快照_最新.json,29,True,每个交易日盘后；必须早于收盘短线观察报告生成,763.02,-2.68,-20.98,24040,1873581499.0,803.0,760.2,799.0,784.0,-772.15,1.09,13.25,2026-05-11 13:28:35,2026-05-12 07:11:40
30,sh688795,688795.SH,摩尔线程-U,上交所,半导体,重点关注快照初始种子,seed_from_focus_public_quote,03数据/04数据快照/重点关注池公开行情快照_最新.json,30,True,每个交易日盘后；必须早于收盘短线观察报告生成,697.78,-0.74,-5.22,23788,1678590342.0,718.0,696.66,713.97,703.0,2792.79,0.83,8.1,2026-05-11 13:28:35,2026-05-12 07:11:40
31,sh601138,601138.SH,工业富联,上交所,消费电子,重点关注快照初始种子,seed_from_focus_public_quote,03数据/04数据快照/重点关注池公开行情快照_最新.json,31,True,每个交易日盘后；必须早于收盘短线观察报告生成,65.19,3.02,1.91,1986341,12803926313.0,65.87,63.0,64.2,63.28,30.53,1.32,1.0,2026-05-11 13:28:35,2026-05-12 07:11:40
32,sz000977,000977.SZ,浪潮信息,深交所,计算机设备,重点关注快照初始种子,seed_from_focus_public_quote,03数据/04数据快照/重点关注池公开行情快照_最新.json,32,True,每个交易日盘后；必须早于收盘短线观察报告生成,75.7,-1.02,-0.78,759211,5813490046.52,78.24,75.6,77.1,76.48,45.95,1.33,5.18,2026-05-11 13:28:35,2026-05-12 07:11:40
33,sz002371,002371.SZ,北方华创,深交所,半导体,重点关注快照初始种子,seed_from_focus_public_quote,03数据/04数据快照/重点关注池公开行情快照_最新.json,33,True,每个交易日盘后；必须早于收盘短线观察报告生成,570.63,5.52,29.84,117030,6647905435.61,585.0,548.0,549.98,540.79,63.25,1.57,1.62,2026-05-11 13:28:35,2026-05-12 07:11:40
34,sh688012,688012.SH,中微公司,上交所,半导体,重点关注快照初始种子,seed_from_focus_public_quote,03数据/04数据快照/重点关注池公开行情快照_最新.json,34,True,每个交易日盘后；必须早于收盘短线观察报告生成,381.4,3.08,11.4,178226,6817580646.0,393.33,371.3,377.05,370.0,64.24,1.56,2.84,2026-05-11 13:28:35,2026-05-12 07:11:40
35,sh688082,688082.SH,盛美上海,上交所,半导体,重点关注快照初始种子,seed_from_focus_public_quote,03数据/04数据快照/重点关注池公开行情快照_最新.json,35,True,每个交易日盘后；必须早于收盘短线观察报告生成,164.2,2.49,3.99,67906,1117507235.0,167.94,161.09,162.21,160.21,189.96,1.79,1.42,2026-05-11 13:28:35,2026-05-12 07:11:40
36,sh688981,688981.SH,中芯国际,上交所,半导体,重点关注快照初始种子,seed_from_focus_public_quote,03数据/04数据快照/重点关注池公开行情快照_最新.json,36,True,每个交易日盘后；必须早于收盘短线观察报告生成,122.08,1.47,1.77,588988,7254000112.0,124.57,122.0,122.99,120.31,194.07,1.08,2.95,2026-05-11 13:28:35,2026-05-12 07:11:40
37,sh600584,600584.SH,长电科技,上交所,半导体,重点关注快照初始种子,seed_from_focus_public_quote,03数据/04数据快照/重点关注池公开行情快照_最新.json,37,True,每个交易日盘后；必须早于收盘短线观察报告生成,55.83,10.01,5.08,1583561,8712933233.0,55.83,53.19,53.8,50.75,86.04,2.0,8.85,2026-05-11 13:28:35,2026-05-12 07:11:40
38,sz002156,002156.SZ,通富微电,深交所,半导体,重点关注快照初始种子,seed_from_focus_public_quote,03数据/04数据快照/重点关注池公开行情快照_最新.json,38,True,每个交易日盘后；必须早于收盘短线观察报告生成,61.0,6.72,3.84,1648404,10004540883.61,62.23,59.41,60.01,57.16,70.33,1.94,10.86,2026-05-11 13:28:35,2026-05-12 07:11:40
39,sh688234,688234.SH,天岳先进,上交所,半导体,重点关注快照初始种子,seed_from_focus_public_quote,03数据/04数据快照/重点关注池公开行情快照_最新.json,39,True,每个交易日盘后；必须早于收盘短线观察报告生成,123.24,13.42,14.58,172719,2082299650.0,125.98,110.83,110.83,108.66,-246.76,2.02,4.02,2026-05-11 13:28:35,2026-05-12 07:11:40
40,sz002594,002594.SZ,比亚迪,深交所,乘用车,重点关注快照初始种子,seed_from_focus_public_quote,03数据/04数据快照/重点关注池公开行情快照_最新.json,40,True,每个交易日盘后；必须早于收盘短线观察报告生成,100.1,0.08,0.08,365448,3636491802.8,100.73,99.0,100.02,100.02,55.86,0.93,1.05,2026-05-11 13:28:35,2026-05-12 07:11:40
41,sh601012,601012.SH,隆基绿能,上交所,光伏设备,重点关注快照初始种子,seed_from_focus_public_quote,03数据/04数据快照/重点关注池公开行情快照_最新.json,41,True,每个交易日盘后；必须早于收盘短线观察报告生成,16.57,1.28,0.21,1428946,2371549915.0,16.75,16.33,16.35,16.36,-16.35,1.39,1.89,2026-05-11 13:28:35,2026-05-12 07:11:40
42,sz300274,300274.SZ,阳光电源,深交所,光伏设备,重点关注快照初始种子,seed_from_focus_public_quote,03数据/04数据快照/重点关注池公开行情快照_最新.json,42,True,每个交易日盘后；必须早于收盘短线观察报告生成,144.77,3.52,4.92,596364,8603124637.36,146.8,140.06,140.16,139.85,32.75,1.31,3.75,2026-05-11 13:28:35,2026-05-12 07:11:40
43,sz300014,300014.SZ,亿纬锂能,深交所,电池,重点关注快照初始种子,seed_from_focus_public_quote,03数据/04数据快照/重点关注池公开行情快照_最新.json,43,True,每个交易日盘后；必须早于收盘短线观察报告生成,70.15,0.36,0.25,776114,5428131066.41,71.2,68.56,69.8,69.9,26.35,1.18,3.67,2026-05-11 13:28:35,2026-05-12 07:11:40
44,sh600438,600438.SH,通威股份,上交所,光伏设备,重点关注快照初始种子,seed_from_focus_public_quote,03数据/04数据快照/重点关注池公开行情快照_最新.json,44,True,每个交易日盘后；必须早于收盘短线观察报告生成,17.21,-0.06,-0.01,475803,823635902.0,17.45,17.11,17.12,17.22,-7.92,1.22,1.06,2026-05-11 13:28:35,2026-05-12 07:11:40
45,sh688599,688599.SH,天合光能,上交所,光伏设备,重点关注快照初始种子,seed_from_focus_public_quote,03数据/04数据快照/重点关注池公开行情快照_最新.json,45,True,每个交易日盘后；必须早于收盘短线观察报告生成,18.0,1.12,0.2,392020,709372777.0,18.32,17.82,17.82,17.8,-37.24,1.02,1.67,2026-05-11 13:28:35,2026-05-12 07:11:40
46,sz002460,002460.SZ,赣锋锂业,深交所,能源金属,重点关注快照初始种子,seed_from_focus_public_quote,03数据/04数据快照/重点关注池公开行情快照_最新.json,46,True,每个交易日盘后；必须早于收盘短线观察报告生成,84.84,0.08,0.07,472077,4039218192.69,87.65,84.13,86.0,84.77,24.2,0.84,3.9,2026-05-11 13:28:35,2026-05-12 07:11:40
47,sh600276,600276.SH,恒瑞医药,上交所,化学制药,重点关注快照初始种子,seed_from_focus_public_quote,03数据/04数据快照/重点关注池公开行情快照_最新.json,47,True,每个交易日盘后；必须早于收盘短线观察报告生成,53.31,0.97,0.51,653366,3446460751.0,53.5,52.12,52.8,52.8,38.76,1.55,1.02,2026-05-11 13:28:35,2026-05-12 07:11:40
48,sz300760,300760.SZ,迈瑞医疗,深交所,医疗器械,重点关注快照初始种子,seed_from_focus_public_quote,03数据/04数据快照/重点关注池公开行情快照_最新.json,48,True,每个交易日盘后；必须早于收盘短线观察报告生成,169.0,-0.94,-1.61,89516,1503756036.26,170.0,167.03,170.0,170.61,21.99,1.21,0.74,2026-05-11 13:28:35,2026-05-12 07:11:40
49,sz300015,300015.SZ,爱尔眼科,深交所,医疗服务,重点关注快照初始种子,seed_from_focus_public_quote,03数据/04数据快照/重点关注池公开行情快照_最新.json,49,True,每个交易日盘后；必须早于收盘短线观察报告生成,10.58,0.28,0.03,717762,759640866.14,10.74,10.43,10.54,10.55,20.89,1.23,0.9,2026-05-11 13:28:35,2026-05-12 07:11:40
50,sz000538,000538.SZ,云南白药,深交所,中药Ⅱ,重点关注快照初始种子,seed_from_focus_public_quote,03数据/04数据快照/重点关注池公开行情快照_最新.json,50,True,每个交易日盘后；必须早于收盘短线观察报告生成,52.64,0.04,0.02,55289,290725976.96,52.75,52.48,52.62,52.62,11.53,0.88,0.31,2026-05-11 13:28:35,2026-05-12 07:11:40
51,sh600436,600436.SH,片仔癀,上交所,中药Ⅱ,重点关注快照初始种子,seed_from_focus_public_quote,03数据/04数据快照/重点关注池公开行情快照_最新.json,51,True,每个交易日盘后；必须早于收盘短线观察报告生成,140.52,-0.47,-0.66,21890,306606374.0,141.1,139.7,141.1,141.18,28.51,0.86,0.36,2026-05-11 13:28:35,2026-05-12 07:11:40
52,sz000858,000858.SZ,五 粮 液,深交所,白酒Ⅱ,重点关注快照初始种子,seed_from_focus_public_quote,03数据/04数据快照/重点关注池公开行情快照_最新.json,52,True,每个交易日盘后；必须早于收盘短线观察报告生成,91.43,-0.76,-0.7,193029,1769819449.93,92.29,91.37,92.03,92.13,11.0,0.69,0.5,2026-05-11 13:28:35,2026-05-12 07:11:40
53,sz000568,000568.SZ,泸州老窖,深交所,白酒Ⅱ,重点关注快照初始种子,seed_from_focus_public_quote,03数据/04数据快照/重点关注池公开行情快照_最新.json,53,True,每个交易日盘后；必须早于收盘短线观察报告生成,96.59,-0.96,-0.94,68328,662727440.93,98.33,96.3,97.45,97.53,9.58,0.94,0.46,2026-05-11 13:28:35,2026-05-12 07:11:40
54,sz000333,000333.SZ,美的集团,深交所,白色家电,重点关注快照初始种子,seed_from_focus_public_quote,03数据/04数据快照/重点关注池公开行情快照_最新.json,54,True,每个交易日盘后；必须早于收盘短线观察报告生成,80.95,0.68,0.55,310215,2520435260.99,82.45,79.58,80.14,80.4,12.15,1.47,0.45,2026-05-11 13:28:35,2026-05-12 07:11:40
55,sh600887,600887.SH,伊利股份,上交所,饮料乳品,重点关注快照初始种子,seed_from_focus_public_quote,03数据/04数据快照/重点关注池公开行情快照_最新.json,55,True,每个交易日盘后；必须早于收盘短线观察报告生成,28.11,2.14,0.59,636852,1773508988.0,28.14,27.36,27.7,27.52,8.24,0.89,1.01,2026-05-11 13:28:35,2026-05-12 07:11:40
56,sh600900,600900.SH,长江电力,上交所,电力,重点关注快照初始种子,seed_from_focus_public_quote,03数据/04数据快照/重点关注池公开行情快照_最新.json,56,True,每个交易日盘后；必须早于收盘短线观察报告生成,27.01,0.04,0.01,692446,1874211258.0,27.2,26.95,27.05,27.0,24.44,0.96,0.28,2026-05-11 13:28:35,2026-05-12 07:11:40
57,sh601318,601318.SH,中国平安,上交所,保险Ⅱ,重点关注快照初始种子,seed_from_focus_public_quote,03数据/04数据快照/重点关注池公开行情快照_最新.json,57,True,每个交易日盘后；必须早于收盘短线观察报告生成,59.55,-0.85,-0.51,604148,3614838793.0,60.55,59.26,59.78,60.06,10.77,0.87,0.57,2026-05-11 13:28:35,2026-05-12 07:11:40
58,sh600036,600036.SH,招商银行,上交所,银行Ⅱ,重点关注快照初始种子,seed_from_focus_public_quote,03数据/04数据快照/重点关注池公开行情快照_最新.json,58,True,每个交易日盘后；必须早于收盘短线观察报告生成,37.8,-0.37,-0.14,581886,2200808281.0,37.96,37.7,37.95,37.94,6.3,0.69,0.28,2026-05-11 13:28:35,2026-05-12 07:11:40
59,sz300059,300059.SZ,东方财富,深交所,证券Ⅱ,重点关注快照初始种子,seed_from_focus_public_quote,03数据/04数据快照/重点关注池公开行情快照_最新.json,59,True,每个交易日盘后；必须早于收盘短线观察报告生成,20.8,1.51,0.31,3034665,6318650860.98,21.03,20.44,20.45,20.49,21.99,1.52,2.28,2026-05-11 13:28:35,2026-05-12 07:11:40
60,sh601899,601899.SH,紫金矿业,上交所,工业金属,重点关注快照初始种子,seed_from_focus_public_quote,03数据/04数据快照/重点关注池公开行情快照_最新.json,60,True,每个交易日盘后；必须早于收盘短线观察报告生成,34.01,-2.27,-0.79,2006857,6882837110.0,34.72,34.0,34.55,34.8,11.26,1.02,0.97,2026-05-11 13:28:35,2026-05-12 07:11:40
61,sh600111,600111.SH,北方稀土,上交所,小金属,重点关注快照初始种子,seed_from_focus_public_quote,03数据/04数据快照/重点关注池公开行情快照_最新.json,61,True,每个交易日盘后；必须早于收盘短线观察报告生成,56.88,3.89,2.13,1700927,9623106463.0,57.95,54.76,54.91,54.75,56.01,1.34,4.71,2026-05-11 13:28:35,2026-05-12 07:11:40
62,sz002466,002466.SZ,天齐锂业,深交所,能源金属,重点关注快照初始种子,seed_from_focus_public_quote,03数据/04数据快照/重点关注池公开行情快照_最新.json,62,True,每个交易日盘后；必须早于收盘短线观察报告生成,76.9,1.12,0.85,623497,4793827251.75,78.27,75.57,76.83,76.05,17.54,0.85,4.23,2026-05-11 13:28:35,2026-05-12 07:11:40
63,sz000792,000792.SZ,盐湖股份,深交所,农化制品,重点关注快照初始种子,seed_from_focus_public_quote,03数据/04数据快照/重点关注池公开行情快照_最新.json,63,True,每个交易日盘后；必须早于收盘短线观察报告生成,37.56,-1.29,-0.49,953467,3626587019.54,38.95,37.5,38.4,38.05,16.42,0.89,1.8,2026-05-11 13:28:35,2026-05-12 07:11:40
64,sh600188,600188.SH,兖矿能源,上交所,煤炭开采,重点关注快照初始种子,seed_from_focus_public_quote,03数据/04数据快照/重点关注池公开行情快照_最新.json,64,True,每个交易日盘后；必须早于收盘短线观察报告生成,21.45,0.05,0.01,492221,1072819725.0,22.25,21.4,21.58,21.44,13.61,1.16,0.83,2026-05-11 13:28:35,2026-05-12 07:11:40
65,sh600760,600760.SH,中航沈飞,上交所,航空装备Ⅱ,重点关注快照初始种子,seed_from_focus_public_quote,03数据/04数据快照/重点关注池公开行情快照_最新.json,65,True,每个交易日盘后；必须早于收盘短线观察报告生成,49.21,-0.99,-0.49,244087,1211620261.0,50.45,49.2,50.45,49.7,211.44,1.64,0.86,2026-05-11 13:28:35,2026-05-12 07:11:40
66,sh600501,600501.SH,航天晨光,上交所,专用设备,重点关注快照初始种子,seed_from_focus_public_quote,03数据/04数据快照/重点关注池公开行情快照_最新.json,66,True,每个交易日盘后；必须早于收盘短线观察报告生成,24.7,-0.88,-0.22,118219,295551348.0,25.42,24.66,25.02,24.92,-42.63,1.91,2.76,2026-05-11 13:28:35,2026-05-12 07:11:40
67,sh600585,600585.SH,海螺水泥,上交所,水泥,重点关注快照初始种子,seed_from_focus_public_quote,03数据/04数据快照/重点关注池公开行情快照_最新.json,67,True,每个交易日盘后；必须早于收盘短线观察报告生成,21.34,1.43,0.3,575087,1232185461.0,21.7,20.98,21.0,21.04,19.26,1.95,1.44,2026-05-11 13:28:35,2026-05-12 07:11:40
68,sh600048,600048.SH,保利发展,上交所,房地产开发,重点关注快照初始种子,seed_from_focus_public_quote,03数据/04数据快照/重点关注池公开行情快照_最新.json,68,True,每个交易日盘后；必须早于收盘短线观察报告生成,6.64,3.27,0.21,2753706,1838823607.0,6.86,6.4,6.43,6.43,21.7,2.87,2.3,2026-05-11 13:28:35,2026-05-12 07:11:40
69,sz000002,000002.SZ,万  科Ａ,深交所,房地产开发,重点关注快照初始种子,seed_from_focus_public_quote,03数据/04数据快照/重点关注池公开行情快照_最新.json,69,True,每个交易日盘后；必须早于收盘短线观察报告生成,4.07,1.75,0.07,1472075,599719969.66,4.14,3.98,4.0,4.0,-2.04,1.65,1.51,2026-05-11 13:28:35,2026-05-12 07:11:40
70,sh688111,688111.SH,金山办公,上交所,软件开发,重点关注快照初始种子,seed_from_focus_public_quote,03数据/04数据快照/重点关注池公开行情快照_最新.json,70,True,每个交易日盘后；必须早于收盘短线观察报告生成,270.0,-0.46,-1.26,79758,2154314152.0,273.0,267.21,270.05,271.26,14.25,1.13,1.72,2026-05-11 13:28:35,2026-05-12 07:11:40
71,sz002230,002230.SZ,科大讯飞,深交所,软件开发,重点关注快照初始种子,seed_from_focus_public_quote,03数据/04数据快照/重点关注池公开行情快照_最新.json,71,True,每个交易日盘后；必须早于收盘短线观察报告生成,50.07,0.32,0.16,452492,2271625940.93,50.66,49.68,50.0,49.91,-177.16,1.32,2.07,2026-05-11 13:28:35,2026-05-12 07:11:40
72,sh600309,600309.SH,万华化学,上交所,化学制品,重点关注快照初始种子,seed_from_focus_public_quote,03数据/04数据快照/重点关注池公开行情快照_最新.json,72,True,每个交易日盘后；必须早于收盘短线观察报告生成,83.39,-0.25,-0.21,249251,2086412809.0,84.35,83.1,83.61,83.6,17.55,1.05,0.8,2026-05-11 13:28:35,2026-05-12 07:11:40
73,sh600426,600426.SH,华鲁恒升,上交所,农化制品,重点关注快照初始种子,seed_from_focus_public_quote,03数据/04数据快照/重点关注池公开行情快照_最新.json,73,True,每个交易日盘后；必须早于收盘短线观察报告生成,34.95,-1.58,-0.56,268302,955136100.0,36.39,34.85,35.51,35.51,16.55,1.55,1.27,2026-05-11 13:28:35,2026-05-12 07:11:40
74,sz002493,002493.SZ,荣盛石化,深交所,炼化及贸易,重点关注快照初始种子,seed_from_focus_public_quote,03数据/04数据快照/重点关注池公开行情快照_最新.json,74,True,每个交易日盘后；必须早于收盘短线观察报告生成,12.99,0.7,0.09,398979,522113465.69,13.19,12.88,12.9,12.9,11.52,0.85,0.43,2026-05-11 13:28:35,2026-05-12 07:11:40
75,sh600160,600160.SH,巨化股份,上交所,化学制品,重点关注快照初始种子,seed_from_focus_public_quote,03数据/04数据快照/重点关注池公开行情快照_最新.json,75,True,每个交易日盘后；必须早于收盘短线观察报告生成,35.53,-0.14,-0.05,297240,1067642132.0,36.35,35.48,35.57,35.58,20.44,1.23,1.1,2026-05-11 13:28:35,2026-05-12 07:11:40
76,sz002001,002001.SZ,新 和 成,深交所,化学制品,重点关注快照初始种子,seed_from_focus_public_quote,03数据/04数据快照/重点关注池公开行情快照_最新.json,76,True,每个交易日盘后；必须早于收盘短线观察报告生成,32.33,0.12,0.04,233896,759304556.14,32.88,32.23,32.37,32.29,13.59,0.82,0.77,2026-05-11 13:28:35,2026-05-12 07:11:40
77,sh603993,603993.SH,洛阳钼业,上交所,工业金属,重点关注快照初始种子,seed_from_focus_public_quote,03数据/04数据快照/重点关注池公开行情快照_最新.json,77,True,每个交易日盘后；必须早于收盘短线观察报告生成,19.85,-1.73,-0.35,1807816,3609154814.0,20.15,19.74,20.09,20.2,13.68,1.06,1.04,2026-05-11 13:28:35,2026-05-12 07:11:40
78,sh600547,600547.SH,山东黄金,上交所,贵金属,重点关注快照初始种子,seed_from_focus_public_quote,03数据/04数据快照/重点关注池公开行情快照_最新.json,78,True,每个交易日盘后；必须早于收盘短线观察报告生成,35.3,-3.29,-1.2,466777,1659107115.0,36.03,35.28,36.0,36.5,28.14,1.02,1.29,2026-05-11 13:28:35,2026-05-12 07:11:40
79,sz000807,000807.SZ,云铝股份,深交所,工业金属,重点关注快照初始种子,seed_from_focus_public_quote,03数据/04数据快照/重点关注池公开行情快照_最新.json,79,True,每个交易日盘后；必须早于收盘短线观察报告生成,31.29,-0.73,-0.23,506691,1606673942.78,32.15,31.25,31.86,31.52,7.54,1.33,1.46,2026-05-11 13:28:35,2026-05-12 07:11:40
80,sh600938,600938.SH,中国海油,上交所,油气开采Ⅱ,重点关注快照初始种子,seed_from_focus_public_quote,03数据/04数据快照/重点关注池公开行情快照_最新.json,80,True,每个交易日盘后；必须早于收盘短线观察报告生成,36.28,-0.19,-0.07,315903,1148968676.0,36.78,36.18,36.7,36.35,11.01,0.89,1.06,2026-05-11 13:28:35,2026-05-12 07:11:40
81,sh600028,600028.SH,中国石化,上交所,炼化及贸易,重点关注快照初始种子,seed_from_focus_public_quote,03数据/04数据快照/重点关注池公开行情快照_最新.json,81,True,每个交易日盘后；必须早于收盘短线观察报告生成,5.19,-0.57,-0.03,2161021,1125435552.0,5.23,5.18,5.23,5.22,9.23,0.81,0.23,2026-05-11 13:28:35,2026-05-12 07:11:40
82,sh601857,601857.SH,中国石油,上交所,炼化及贸易,重点关注快照初始种子,seed_from_focus_public_quote,03数据/04数据快照/重点关注池公开行情快照_最新.json,82,True,每个交易日盘后；必须早于收盘短线观察报告生成,11.06,-0.54,-0.06,1150045,1276652583.0,11.24,11.02,11.21,11.12,10.47,0.97,0.07,2026-05-11 13:28:35,2026-05-12 07:11:40
83,sh600019,600019.SH,宝钢股份,上交所,普钢,重点关注快照初始种子,seed_from_focus_public_quote,03数据/04数据快照/重点关注池公开行情快照_最新.json,83,True,每个交易日盘后；必须早于收盘短线观察报告生成,6.45,0.62,0.04,806965,516764750.0,6.46,6.36,6.4,6.41,15.79,1.16,0.37,2026-05-11 13:28:35,2026-05-12 07:11:40
84,sz000708,000708.SZ,中信特钢,深交所,特钢Ⅱ,重点关注快照初始种子,seed_from_focus_public_quote,03数据/04数据快照/重点关注池公开行情快照_最新.json,84,True,每个交易日盘后；必须早于收盘短线观察报告生成,15.53,-0.38,-0.06,139137,217254981.0,15.86,15.31,15.64,15.59,12.96,1.42,0.28,2026-05-11 13:28:35,2026-05-12 07:11:40
85,sz000932,000932.SZ,华菱钢铁,深交所,普钢,重点关注快照初始种子,seed_from_focus_public_quote,03数据/04数据快照/重点关注池公开行情快照_最新.json,85,True,每个交易日盘后；必须早于收盘短线观察报告生成,4.68,-0.21,-0.01,437649,206386301.33,4.77,4.67,4.69,4.69,40.55,0.7,0.64,2026-05-11 13:28:35,2026-05-12 07:11:40
86,sh688305,688305.SH,科德数控,上交所,通用设备,重点关注快照初始种子,seed_from_focus_public_quote,03数据/04数据快照/重点关注池公开行情快照_最新.json,86,True,每个交易日盘后；必须早于收盘短线观察报告生成,65.21,0.22,0.14,27516,178627883.0,65.59,64.16,64.9,65.07,96.09,1.21,2.08,2026-05-11 13:28:35,2026-05-12 07:11:40
87,sh601882,601882.SH,海天精工,上交所,通用设备,重点关注快照初始种子,seed_from_focus_public_quote,03数据/04数据快照/重点关注池公开行情快照_最新.json,87,True,每个交易日盘后；必须早于收盘短线观察报告生成,23.57,-0.92,-0.22,83896,196236846.0,23.7,22.95,23.7,23.79,27.62,1.19,1.61,2026-05-11 13:28:35,2026-05-12 07:11:40
88,sz000837,000837.SZ,秦川机床,深交所,通用设备,重点关注快照初始种子,seed_from_focus_public_quote,03数据/04数据快照/重点关注池公开行情快照_最新.json,88,True,每个交易日盘后；必须早于收盘短线观察报告生成,11.75,-0.42,-0.05,205786,242351712.15,11.9,11.65,11.8,11.8,123.85,1.48,2.04,2026-05-11 13:28:35,2026-05-12 07:11:40
89,sz000063,000063.SZ,中兴通讯,深交所,通信设备,重点关注快照初始种子,seed_from_focus_public_quote,03数据/04数据快照/重点关注池公开行情快照_最新.json,89,True,每个交易日盘后；必须早于收盘短线观察报告生成,38.68,0.0,0.0,1174968,4583054465.56,39.49,38.56,39.2,38.68,35.3,1.36,2.92,2026-05-11 13:28:35,2026-05-12 07:11:40
90,sz300394,300394.SZ,天孚通信,深交所,通信设备,重点关注快照初始种子,seed_from_focus_public_quote,03数据/04数据快照/重点关注池公开行情快照_最新.json,90,True,每个交易日盘后；必须早于收盘短线观察报告生成,333.86,2.32,7.56,352368,11556286026.77,334.79,318.1,333.33,326.3,132.12,1.44,4.53,2026-05-11 13:28:35,2026-05-12 07:11:40
91,sh600941,600941.SH,中国移动,上交所,通信服务,重点关注快照初始种子,seed_from_focus_public_quote,03数据/04数据快照/重点关注池公开行情快照_最新.json,91,True,每个交易日盘后；必须早于收盘短线观察报告生成,97.27,0.61,0.59,71307,689680632.0,97.32,95.82,96.69,96.68,17.96,1.32,0.79,2026-05-11 13:28:35,2026-05-12 07:11:40
92,sh601633,601633.SH,长城汽车,上交所,乘用车,重点关注快照初始种子,seed_from_focus_public_quote,03数据/04数据快照/重点关注池公开行情快照_最新.json,92,True,每个交易日盘后；必须早于收盘短线观察报告生成,19.75,-0.25,-0.05,111541,219591580.0,19.83,19.65,19.81,19.8,44.69,1.18,0.18,2026-05-11 13:28:35,2026-05-12 07:11:40
93,sh600104,600104.SH,上汽集团,上交所,乘用车,重点关注快照初始种子,seed_from_focus_public_quote,03数据/04数据快照/重点关注池公开行情快照_最新.json,93,True,每个交易日盘后；必须早于收盘短线观察报告生成,13.56,-0.59,-0.08,274772,372292162.0,13.62,13.53,13.62,13.64,12.88,1.09,0.24,2026-05-11 13:28:35,2026-05-12 07:11:40
94,sz002920,002920.SZ,德赛西威,深交所,汽车零部件,重点关注快照初始种子,seed_from_focus_public_quote,03数据/04数据快照/重点关注池公开行情快照_最新.json,94,True,每个交易日盘后；必须早于收盘短线观察报告生成,104.16,-0.85,-0.89,73517,766223752.24,105.62,103.67,105.06,105.05,33.68,1.56,1.23,2026-05-11 13:28:35,2026-05-12 07:11:40
95,sh600660,600660.SH,福耀玻璃,上交所,汽车零部件,重点关注快照初始种子,seed_from_focus_public_quote,03数据/04数据快照/重点关注池公开行情快照_最新.json,95,True,每个交易日盘后；必须早于收盘短线观察报告生成,59.49,-0.83,-0.5,91512,545767654.0,60.01,59.25,59.98,59.99,22.68,0.76,0.46,2026-05-11 13:28:35,2026-05-12 07:11:40
96,sz000338,000338.SZ,潍柴动力,深交所,汽车零部件,重点关注快照初始种子,seed_from_focus_public_quote,03数据/04数据快照/重点关注池公开行情快照_最新.json,96,True,每个交易日盘后；必须早于收盘短线观察报告生成,33.3,0.73,0.24,705671,2353025830.82,33.85,32.99,33.5,33.06,23.51,0.82,1.41,2026-05-11 13:28:35,2026-05-12 07:11:40
97,sz002714,002714.SZ,牧原股份,深交所,养殖业,重点关注快照初始种子,seed_from_focus_public_quote,03数据/04数据快照/重点关注池公开行情快照_最新.json,97,True,每个交易日盘后；必须早于收盘短线观察报告生成,44.7,2.74,1.19,510417,2262840580.52,45.1,43.2,43.85,43.51,-53.1,1.76,1.34,2026-05-11 13:28:35,2026-05-12 07:11:40
98,sz300498,300498.SZ,温氏股份,深交所,养殖业,重点关注快照初始种子,seed_from_focus_public_quote,03数据/04数据快照/重点关注池公开行情快照_最新.json,98,True,每个交易日盘后；必须早于收盘短线观察报告生成,16.21,0.93,0.15,339115,547738910.1,16.31,15.86,16.08,16.06,-25.2,1.07,0.57,2026-05-11 13:28:35,2026-05-12 07:11:40
99,sz002311,002311.SZ,海大集团,深交所,饲料,重点关注快照初始种子,seed_from_focus_public_quote,03数据/04数据快照/重点关注池公开行情快照_最新.json,99,True,每个交易日盘后；必须早于收盘短线观察报告生成,46.95,0.97,0.45,122537,569704543.44,47.38,45.85,46.82,46.5,21.77,1.53,0.75,2026-05-11 13:28:35,2026-05-12 07:11:40
100,sh601111,601111.SH,中国国航,上交所,航空机场,重点关注快照初始种子,seed_from_focus_public_quote,03数据/04数据快照/重点关注池公开行情快照_最新.json,100,True,每个交易日盘后；必须早于收盘短线观察报告生成,7.11,-2.47,-0.18,869892,618377372.0,7.21,7.05,7.2,7.29,18.09,1.25,0.75,2026-05-11 13:28:35,2026-05-12 07:11:40
101,sz002352,002352.SZ,顺丰控股,深交所,物流,重点关注快照初始种子,seed_from_focus_public_quote,03数据/04数据快照/重点关注池公开行情快照_最新.json,101,True,每个交易日盘后；必须早于收盘短线观察报告生成,37.13,-1.51,-0.57,205475,767210006.0,37.8,37.11,37.8,37.7,18.52,1.09,0.43,2026-05-11 13:28:35,2026-05-12 07:11:40
102,sz001965,001965.SZ,招商公路,深交所,铁路公路,重点关注快照初始种子,seed_from_focus_public_quote,03数据/04数据快照/重点关注池公开行情快照_最新.json,102,True,每个交易日盘后；必须早于收盘短线观察报告生成,9.57,0.74,0.07,57052,54354951.21,9.58,9.42,9.5,9.5,12.05,0.79,0.08,2026-05-11 13:28:35,2026-05-12 07:11:40
103,sh601668,601668.SH,中国建筑,上交所,房屋建设Ⅱ,重点关注快照初始种子,seed_from_focus_public_quote,03数据/04数据快照/重点关注池公开行情快照_最新.json,103,True,每个交易日盘后；必须早于收盘短线观察报告生成,4.98,1.43,0.07,2302495,1139403825.0,4.98,4.9,4.91,4.91,3.71,1.81,0.56,2026-05-11 13:28:35,2026-05-12 07:11:40
104,sh601800,601800.SH,中国交建,上交所,基础建设,重点关注快照初始种子,seed_from_focus_public_quote,03数据/04数据快照/重点关注池公开行情快照_最新.json,104,True,每个交易日盘后；必须早于收盘短线观察报告生成,6.89,-0.14,-0.01,441361,304524892.0,6.92,6.89,6.9,6.9,6.83,1.21,0.37,2026-05-11 13:28:35,2026-05-12 07:11:40
105,sz002051,002051.SZ,中工国际,深交所,专业工程,重点关注快照初始种子,seed_from_focus_public_quote,03数据/04数据快照/重点关注池公开行情快照_最新.json,105,True,每个交易日盘后；必须早于收盘短线观察报告生成,11.71,-1.35,-0.16,532608,626700434.81,11.96,11.62,11.62,11.87,46.37,1.13,4.3,2026-05-11 13:28:35,2026-05-12 07:11:40
106,sh603568,603568.SH,伟明环保,上交所,环境治理,重点关注快照初始种子,seed_from_focus_public_quote,03数据/04数据快照/重点关注池公开行情快照_最新.json,106,True,每个交易日盘后；必须早于收盘短线观察报告生成,21.03,-1.17,-0.25,40713,86086811.0,21.39,20.95,21.27,21.28,20.46,0.78,0.24,2026-05-11 13:28:35,2026-05-12 07:11:40
107,sh603588,603588.SH,高能环境,上交所,环境治理,重点关注快照初始种子,seed_from_focus_public_quote,03数据/04数据快照/重点关注池公开行情快照_最新.json,107,True,每个交易日盘后；必须早于收盘短线观察报告生成,14.58,-2.86,-0.43,419788,615448491.0,14.98,14.5,14.9,15.01,9.21,1.24,2.76,2026-05-11 13:28:35,2026-05-12 07:11:40
108,sz002973,002973.SZ,侨银股份,深交所,环境治理,重点关注快照初始种子,seed_from_focus_public_quote,03数据/04数据快照/重点关注池公开行情快照_最新.json,108,True,每个交易日盘后；必须早于收盘短线观察报告生成,12.7,0.87,0.11,40985,51905276.0,12.87,12.46,12.61,12.59,37.25,1.77,1.29,2026-05-11 13:28:35,2026-05-12 07:11:40
109,sz002555,002555.SZ,三七互娱,深交所,游戏Ⅱ,重点关注快照初始种子,seed_from_focus_public_quote,03数据/04数据快照/重点关注池公开行情快照_最新.json,109,True,每个交易日盘后；必须早于收盘短线观察报告生成,21.93,-1.88,-0.42,373462,820550036.12,22.28,21.85,22.25,22.35,13.89,1.26,2.35,2026-05-11 13:28:35,2026-05-12 07:11:40
110,sz002602,002602.SZ,世纪华通,深交所,游戏Ⅱ,重点关注快照初始种子,seed_from_focus_public_quote,03数据/04数据快照/重点关注池公开行情快照_最新.json,110,True,每个交易日盘后；必须早于收盘短线观察报告生成,15.21,-4.7,-0.75,2278033,3434393789.33,15.46,14.72,15.46,15.96,13.82,1.96,3.35,2026-05-11 13:28:35,2026-05-12 07:11:40
111,sz300364,300364.SZ,中文在线,深交所,数字媒体,重点关注快照初始种子,seed_from_focus_public_quote,03数据/04数据快照/重点关注池公开行情快照_最新.json,111,True,每个交易日盘后；必须早于收盘短线观察报告生成,30.99,-1.24,-0.39,462689,1448756056.15,32.04,30.88,31.64,31.38,-123.16,1.21,7.01,2026-05-11 13:28:35,2026-05-12 07:11:40
112,sz002345,002345.SZ,潮宏基,深交所,饰品,重点关注快照初始种子,seed_from_focus_public_quote,03数据/04数据快照/重点关注池公开行情快照_最新.json,112,True,每个交易日盘后；必须早于收盘短线观察报告生成,10.12,-3.53,-0.37,180831,185276204.0,10.49,10.1,10.48,10.49,8.53,1.02,2.09,2026-05-11 13:28:35,2026-05-12 07:11:40
113,sh600612,600612.SH,老凤祥,上交所,饰品,重点关注快照初始种子,seed_from_focus_public_quote,03数据/04数据快照/重点关注池公开行情快照_最新.json,113,True,每个交易日盘后；必须早于收盘短线观察报告生成,38.85,-1.02,-0.4,10314,40125371.0,39.26,38.79,39.26,39.25,9.29,1.19,0.33,2026-05-11 13:28:35,2026-05-12 07:11:40
114,sz002867,002867.SZ,周大生,深交所,饰品,重点关注快照初始种子,seed_from_focus_public_quote,03数据/04数据快照/重点关注池公开行情快照_最新.json,114,True,每个交易日盘后；必须早于收盘短线观察报告生成,13.23,0.0,0.0,85124,112317831.96,13.4,12.99,13.23,13.23,12.24,0.48,0.79,2026-05-11 13:28:35,2026-05-12 07:11:40
115,sh600795,600795.SH,国电电力,上交所,电力,重点关注快照初始种子,seed_from_focus_public_quote,03数据/04数据快照/重点关注池公开行情快照_最新.json,115,True,每个交易日盘后；必须早于收盘短线观察报告生成,4.95,1.43,0.07,1529505,754909315.0,4.97,4.86,4.9,4.88,15.79,1.21,0.86,2026-05-11 13:28:35,2026-05-12 07:11:40
116,sh601985,601985.SH,中国核电,上交所,电力,重点关注快照初始种子,seed_from_focus_public_quote,03数据/04数据快照/重点关注池公开行情快照_最新.json,116,True,每个交易日盘后；必须早于收盘短线观察报告生成,9.17,1.1,0.1,1161732,1066620269.0,9.27,9.03,9.07,9.07,22.84,1.32,0.62,2026-05-11 13:28:35,2026-05-12 07:11:40
117,sz003816,003816.SZ,中国广核,深交所,电力,重点关注快照初始种子,seed_from_focus_public_quote,03数据/04数据快照/重点关注池公开行情快照_最新.json,117,True,每个交易日盘后；必须早于收盘短线观察报告生成,4.74,1.28,0.06,903491,427864995.01,4.77,4.65,4.68,4.68,21.83,0.9,0.23,2026-05-11 13:28:35,2026-05-12 07:11:40
118,sh600483,600483.SH,福能股份,上交所,电力,重点关注快照初始种子,seed_from_focus_public_quote,03数据/04数据快照/重点关注池公开行情快照_最新.json,118,True,每个交易日盘后；必须早于收盘短线观察报告生成,10.21,0.89,0.09,288137,294295015.0,10.33,10.06,10.09,10.12,10.92,1.7,1.04,2026-05-11 13:28:35,2026-05-12 07:11:40
119,sz002003,002003.SZ,伟星股份,深交所,纺织制造,重点关注快照初始种子,seed_from_focus_public_quote,03数据/04数据快照/重点关注池公开行情快照_最新.json,119,True,每个交易日盘后；必须早于收盘短线观察报告生成,9.7,-1.52,-0.15,149619,145340343.0,9.9,9.62,9.85,9.85,30.97,2.1,1.46,2026-05-11 13:28:35,2026-05-12 07:11:40
120,sz300979,300979.SZ,华利集团,深交所,纺织制造,重点关注快照初始种子,seed_from_focus_public_quote,03数据/04数据快照/重点关注池公开行情快照_最新.json,120,True,每个交易日盘后；必须早于收盘短线观察报告生成,39.04,2.85,1.08,41865,160139279.73,39.33,37.58,38.0,37.96,29.66,2.17,0.36,2026-05-11 13:28:35,2026-05-12 07:11:40
121,sh600398,600398.SH,XD海澜之,上交所,服装家纺,重点关注快照初始种子,seed_from_focus_public_quote,03数据/04数据快照/重点关注池公开行情快照_最新.json,121,True,每个交易日盘后；必须早于收盘短线观察报告生成,6.14,-0.97,-0.06,309469,190241910.0,6.23,6.1,6.23,6.2,7.77,1.21,0.64,2026-05-11 13:28:35,2026-05-12 07:11:40
122,sz000651,000651.SZ,格力电器,深交所,白色家电,重点关注快照初始种子,seed_from_focus_public_quote,03数据/04数据快照/重点关注池公开行情快照_最新.json,122,True,每个交易日盘后；必须早于收盘短线观察报告生成,40.48,1.43,0.57,488387,1972635045.93,40.7,39.6,39.85,39.91,9.32,0.93,0.88,2026-05-11 13:28:35,2026-05-12 07:11:40
123,sz002050,002050.SZ,三花智控,深交所,家电零部件Ⅱ,重点关注快照初始种子,seed_from_focus_public_quote,03数据/04数据快照/重点关注池公开行情快照_最新.json,123,True,每个交易日盘后；必须早于收盘短线观察报告生成,51.03,-1.28,-0.66,1416071,7272172900.78,51.89,50.93,51.74,51.69,57.87,1.32,3.84,2026-05-11 13:28:35,2026-05-12 07:11:40
124,sh688017,688017.SH,绿的谐波,上交所,自动化设备,重点关注快照初始种子,seed_from_focus_public_quote,03数据/04数据快照/重点关注池公开行情快照_最新.json,124,True,每个交易日盘后；必须早于收盘短线观察报告生成,270.69,2.93,7.7,114647,3099707189.0,277.77,260.21,265.86,262.99,380.17,2.02,6.25,2026-05-11 13:28:35,2026-05-12 07:11:40
125,sh688099,688099.SH,晶晨股份,上交所,半导体,重点关注快照初始种子,seed_from_focus_public_quote,03数据/04数据快照/重点关注池公开行情快照_最新.json,125,True,每个交易日盘后；必须早于收盘短线观察报告生成,112.89,0.17,0.19,174665,1983054123.0,116.36,111.6,113.0,112.7,68.62,1.07,4.15,2026-05-11 13:28:35,2026-05-12 07:11:40
126,sh688126,688126.SH,沪硅产业,上交所,半导体,重点关注快照初始种子,seed_from_focus_public_quote,03数据/04数据快照/重点关注池公开行情快照_最新.json,126,True,每个交易日盘后；必须早于收盘短线观察报告生成,24.29,5.65,1.3,1325023,3189815780.0,25.1,23.02,23.97,22.99,-41.54,2.31,4.85,2026-05-11 13:28:35,2026-05-12 07:11:40
127,sh688220,688220.SH,翱捷科技-U,上交所,半导体,重点关注快照初始种子,seed_from_focus_public_quote,03数据/04数据快照/重点关注池公开行情快照_最新.json,127,True,每个交易日盘后；必须早于收盘短线观察报告生成,105.38,2.37,2.44,126846,1316652801.0,106.6,101.51,104.86,102.94,-393.32,1.16,3.44,2026-05-11 13:28:35,2026-05-12 07:11:40
128,sh688615,688615.SH,合合信息,上交所,软件开发,重点关注快照初始种子,seed_from_focus_public_quote,03数据/04数据快照/重点关注池公开行情快照_最新.json,128,True,每个交易日盘后；必须早于收盘短线观察报告生成,148.3,0.56,0.83,66125,975314312.0,150.68,145.01,147.47,147.47,46.81,1.26,4.89,2026-05-11 13:28:35,2026-05-12 07:11:40
129,sh688702,688702.SH,盛科通信-U,上交所,半导体,重点关注快照初始种子,seed_from_focus_public_quote,03数据/04数据快照/重点关注池公开行情快照_最新.json,129,True,每个交易日盘后；必须早于收盘短线观察报告生成,309.11,0.4,1.23,100783,3160400165.0,328.36,299.9,315.0,307.88,-1860.51,1.52,4.96,2026-05-11 13:28:35,2026-05-12 07:11:40
130,sz002428,002428.SZ,云南锗业,深交所,小金属,重点关注快照初始种子,seed_from_focus_public_quote,03数据/04数据快照/重点关注池公开行情快照_最新.json,130,True,每个交易日盘后；必须早于收盘短线观察报告生成,90.0,4.57,3.93,883965,7911668881.51,92.0,86.6,88.5,86.07,1613.6,1.38,13.54,2026-05-11 13:28:35,2026-05-12 07:11:40
